Column,Missing_Count,Percentage
occupation,1843,5.660145572924664
workclass,1836,5.638647461687294
native-country,583,1.7904855501980899
